日付,通常郵便,書留,ゆうパケット,レターパックライト,レターパックプラス,特定記録,ゆうパック,eパケット,EMS,年賀組立,年賀配達
2021/10/1,63000,1783,882,615,264,588,1126,200,150,0,0
2021/10/2,0,1951,673,337,144,0,1534,0,158,0,0
2021/10/3,0,1054,898,151,65,0,1177,0,142,0,0
2021/10/4,102000,540,688,369,158,557,1595,400,274,0,0
2021/10/5,45000,721,877,443,190,451,1083,150,179,0,0
2021/10/6,55000,968,1126,407,174,372,1125,160,152,0,0
2021/10/7,58000,1461,1100,519,223,454,1340,170,214,0,0
2021/10/8,71000,1587,874,557,239,459,1806,170,258,0,0
2021/10/9,0,1849,726,344,148,0,1607,0,184,0,0
2021/10/10,0,987,713,141,60,0,1284,0,160,0,0
2021/10/11,96000,428,719,352,151,542,1213,397,353,0,0
2021/10/12,51000,740,924,438,188,374,1124,147,174,0,0
2021/10/13,49000,1154,770,461,198,398,1441,175,174,0,0
2021/10/14,63000,1895,1041,592,254,596,1525,169,245,0,0
2021/10/15,66000,1533,891,540,231,555,1658,159,282,0,0
2021/10/16,0,1547,730,372,159,0,1301,0,181,0,0
2021/10/17,0,1118,780,148,64,0,1051,0,126,0,0
2021/10/18,94000,605,902,366,157,516,1321,366,315,0,0
2021/10/19,39000,897,820,441,189,452,1003,149,148,0,0
2021/10/20,39000,1326,901,399,171,437,1311,143,169,0,0
2021/10/21,55000,1728,932,573,246,533,1702,177,223,0,0
2021/10/22,61000,1784,974,545,234,420,2163,162,226,0,0
2021/10/23,0,2050,656,384,165,0,1384,0,210,0,0
2021/10/24,0,1362,826,148,63,0,1010,0,162,0,0
2021/10/25,89000,554,753,344,148,540,1463,335,341,0,0
2021/10/26,33000,956,899,451,193,425,1403,152,174,0,0
2021/10/27,42000,1422,810,424,182,394,1527,161,165,0,0
2021/10/28,58000,2136,1128,533,228,567,1264,148,233,0,0
2021/10/29,59000,1743,996,601,258,575,1603,166,276,0,0
2021/10/30,0,1846,742,337,145,0,1457,0,147,0,0
2021/10/31,0,1036,719,139,60,0,1321,0,113,0,0
2021/11/1,97000,421,810,383,164,583,1504,441,272,0,0
2021/11/2,48000,878,940,428,183,405,881,175,181,0,0
2021/11/3,0,1269,855,288,123,0,1285,0,162,0,0
2021/11/4,92000,791,1067,603,258,714,1449,203,207,0,0
2021/11/5,60000,2045,943,504,216,444,2302,203,307,0,0
2021/11/6,0,1642,709,361,155,0,1922,0,208,0,0
2021/11/7,0,1170,723,132,56,0,1301,0,191,0,0
2021/11/8,99000,471,848,330,141,598,1557,442,301,0,0
2021/11/9,50000,1045,707,410,176,388,1166,139,191,0,0
2021/11/10,46000,1580,808,417,179,428,1857,152,158,0,0
2021/11/11,65000,1740,1014,565,242,646,1221,174,247,0,0
2021/11/12,71000,1691,993,565,242,491,1377,130,311,0,0
2021/11/13,0,1776,688,319,137,0,1349,0,174,0,0
2021/11/14,0,1241,869,143,61,0,991,0,121,0,0
2021/11/15,105000,631,870,375,161,566,1309,397,375,0,0
2021/11/16,29000,1210,935,439,188,395,874,167,132,0,0
2021/11/17,41000,1455,845,438,188,386,1678,136,143,0,0
2021/11/18,52000,1819,1087,609,261,518,2200,146,246,0,0
2021/11/19,58000,1591,867,555,238,479,1969,168,250,0,0
2021/11/20,0,1849,752,341,146,0,1000,0,246,0,0
2021/11/21,0,1390,751,151,65,0,1137,0,139,0,0
2021/11/22,97000,336,900,365,156,523,1143,430,317,0,0
2021/11/23,0,748,921,317,136,0,1757,0,203,0,0
2021/11/24,112000,587,891,438,188,462,1334,143,194,0,0
2021/11/25,42000,1745,1096,567,243,486,1606,143,255,0,0
2021/11/26,66000,1489,890,522,224,658,2065,138,265,0,0
2021/11/27,0,1587,660,349,149,0,1882,0,139,0,0
2021/11/28,0,1045,705,142,61,0,1658,0,106,0,0
2021/11/29,99000,461,857,333,143,453,1808,380,264,0,0
2021/11/30,34000,880,820,394,169,482,1245,174,179,0,0
2021/12/1,48000,1508,939,447,191,434,2851,183,128,0,0
2021/12/2,70000,1941,1125,527,226,475,2533,173,180,0,0
2021/12/3,68000,1485,1099,594,254,405,2180,160,272,0,0
2021/12/4,0,1873,799,372,160,0,2203,0,196,0,0
2021/12/5,0,1141,1061,146,63,0,2217,0,176,0,0
2021/12/6,95000,764,769,377,161,481,1812,386,401,0,0
2021/12/7,44000,1214,1130,393,168,372,1684,123,154,0,0
2021/12/8,52000,1466,1167,455,195,319,1839,193,174,0,0
2021/12/9,62000,1854,1477,564,242,552,1624,142,272,0,0
2021/12/10,66000,1449,1173,559,239,529,1905,140,234,0,0
2021/12/11,0,1725,989,340,146,0,1255,0,214,0,0
2021/12/12,0,1158,1190,128,55,0,1542,0,127,0,0
2021/12/13,105000,418,1455,347,149,610,1394,341,354,0,0
2021/12/14,43000,964,1325,418,179,425,1472,153,133,0,0
2021/12/15,51000,1270,1083,395,169,356,1436,133,137,0,0
2021/12/16,60000,1539,1067,615,264,511,1224,172,221,0,0
2021/12/17,58000,1688,919,337,144,392,2382,177,219,0,0
2021/12/18,0,1650,947,151,65,0,1228,0,179,0,0
2021/12/19,0,1456,1058,369,158,0,1523,0,166,0,0
2021/12/20,88000,551,1035,443,190,623,1369,354,370,0,0
2021/12/21,39000,1124,1044,407,174,402,1504,148,156,0,0
2021/12/22,41000,1240,1102,519,223,316,1776,162,195,0,0
2021/12/23,47000,1365,1352,557,239,623,1852,158,216,0,0
2021/12/24,59000,1590,1388,344,148,562,1757,153,221,0,0
2021/12/25,0,1754,1066,141,60,0,1857,0,144,0,0
2021/12/26,0,698,755,352,151,0,1031,0,116,0,0
2021/12/27,87000,369,931,228,98,237,1425,406,263,200000,0
2021/12/28,39000,428,919,232,99,142,958,174,189,200000,0
2021/12/29,37000,564,1079,206,88,117,964,150,154,200000,0
2021/12/30,33000,325,1093,179,77,95,854,95,105,200000,0
2021/12/31,30000,284,869,137,59,65,521,78,86,100000,0
2022/1/1,22000,155,500,73,31,0,324,0,32,100000,970000
2022/1/2,0,59,306,55,23,0,245,0,41,90000,0
2022/1/3,8000,33,602,64,27,38,893,233,55,80000,190000
2022/1/4,11000,261,460,88,38,27,1308,162,79,50000,80000
2022/1/5,25000,153,745,246,106,76,1154,185,114,30000,50000
2022/1/6,33000,570,822,545,234,280,1234,143,120,20000,30000
2022/1/7,31000,419,698,384,165,366,1889,156,138,15000,20000
2022/1/8,0,784,837,148,63,0,1412,0,211,0,0
2022/1/9,0,509,843,344,148,0,1247,0,106,0,0
2022/1/10,0,320,814,451,193,0,1414,0,376,0,0
2022/1/11,85000,667,840,424,182,472,1261,562,149,5000,15000
2022/1/12,39000,1128,871,540,232,361,1394,124,144,5000,5000
2022/1/13,54000,1569,1155,666,285,399,1914,190,206,5000,5000
2022/1/14,58000,1410,1138,661,283,545,2658,178,211,0,5000
2022/1/15,0,1637,619,306,131,0,1536,0,245,0,0
2022/1/16,0,1232,888,140,60,0,1042,0,190,0,0
2022/1/17,85000,475,802,364,156,451,1868,329,393,0,0
2022/1/18,32000,698,755,438,188,435,1406,149,147,0,0
2022/1/19,45000,1406,952,419,180,411,1112,171,172,0,0
2022/1/20,52000,1819,1123,508,218,700,1475,164,253,0,0
2022/1/21,56000,1692,893,586,251,523,2054,167,297,0,0
2022/1/22,0,1520,736,373,160,0,1251,0,154,0,0
2022/1/23,0,985,749,128,55,0,1254,0,125,0,0
2022/1/24,96000,553,802,352,151,506,1932,410,252,0,0
2022/1/25,40000,886,880,456,196,409,1277,137,210,0,0
2022/1/26,51000,1463,1081,498,213,392,1263,172,131,0,0
2022/1/27,57000,2065,1150,627,269,433,1672,191,216,0,0
2022/1/28,68000,1720,996,581,249,388,2327,191,223,0,0
2022/1/29,0,1596,655,403,173,0,1790,0,205,0,0
2022/1/30,0,948,640,138,59,0,1506,0,170,0,0
2022/1/31,91000,714,656,370,158,480,1251,355,367,0,0
2022/2/1,36000,1025,910,465,199,415,1410,164,208,0,0
2022/2/2,39000,1621,1183,382,164,327,1076,203,160,0,0
2022/2/3,44000,1655,1129,561,240,524,1607,201,261,0,0
2022/2/4,58000,1578,883,586,251,641,1469,174,257,0,0
2022/2/5,0,1690,742,384,164,0,1198,0,189,0,0
2022/2/6,0,1071,864,161,69,0,761,0,116,0,0
2022/2/7,80000,557,847,373,160,473,1012,359,284,0,0
2022/2/8,41000,946,947,422,181,466,1271,132,147,0,0
2022/2/9,45000,1354,895,382,164,346,1094,134,169,0,0
2022/2/10,52000,1457,1067,529,227,447,1752,176,238,0,0
2022/2/11,0,1509,1023,624,267,0,1537,0,216,0,0
2022/2/12,0,1384,805,324,139,0,1483,0,180,0,0
2022/2/13,0,840,666,146,62,0,1252,0,160,0,0
2022/2/14,142000,488,778,365,156,651,1206,507,392,0,0
2022/2/15,29000,891,924,412,176,369,1082,211,167,0,0
2022/2/16,39000,1129,987,406,174,359,1499,152,190,0,0
2022/2/17,48000,1725,1020,585,251,635,918,232,255,0,0
2022/2/18,50000,1655,852,524,224,611,1159,145,325,0,0
2022/2/19,0,1520,814,357,153,0,1135,0,120,0,0
2022/2/20,0,964,660,125,53,0,1168,0,119,0,0
2022/2/21,92000,508,864,354,152,420,1564,451,226,0,0
2022/2/22,40000,959,761,372,160,487,1224,171,205,0,0
2022/2/23,46000,1234,956,407,175,453,1299,135,131,0,0
2022/2/24,43000,1677,1039,547,235,621,1352,180,232,0,0
2022/2/25,51000,1492,744,582,249,488,1650,149,209,0,0
2022/2/26,0,1723,796,342,147,0,1833,0,179,0,0
2022/2/27,0,1136,647,150,64,0,1512,0,167,0,0
2022/2/28,93000,490,919,390,167,619,1462,451,289,0,0
2022/3/1,45000,784,874,461,198,501,1191,130,178,0,0
2022/3/2,42000,1422,914,431,185,462,1851,153,174,0,0
2022/3/3,48000,1639,1069,557,239,571,1727,173,282,0,0
2022/3/4,49000,1745,786,574,246,681,1377,184,325,0,0
2022/3/5,0,1468,1070,321,137,0,913,0,159,0,0
2022/3/6,0,1325,683,138,59,0,1264,0,120,0,0
2022/3/7,88000,428,973,332,142,466,992,420,338,0,0
2022/3/8,39000,965,899,367,157,446,1138,173,123,0,0
2022/3/9,45000,1469,948,403,173,363,1165,116,179,0,0
2022/3/10,45000,1895,937,605,259,418,1401,172,228,0,0
2022/3/11,47000,1968,1185,473,203,546,1969,167,231,0,0
2022/3/12,0,1845,988,352,151,0,1313,0,195,0,0
2022/3/13,0,1454,704,153,65,0,1012,0,169,0,0
2022/3/14,85000,621,782,325,139,556,1463,344,377,0,0
2022/3/15,40000,874,676,426,183,422,1656,145,166,0,0
2022/3/16,42000,1136,755,415,178,446,1564,166,132,0,0
2022/3/17,52000,1742,776,530,227,687,1256,153,193,0,0
2022/3/18,50000,1620,861,631,270,452,1998,137,238,0,0
2022/3/19,0,1664,660,337,145,0,1520,0,159,0,0
2022/3/20,0,1258,580,154,66,0,1443,0,108,0,0
2022/3/21,0,569,620,224,96,0,1627,0,294,0,0
2022/3/22,135000,358,737,428,183,747,1354,582,181,0,0
2022/3/23,25000,670,708,462,198,474,1543,172,124,0,0
2022/3/24,56000,1925,766,575,247,569,1453,187,221,0,0
2022/3/25,50000,1749,752,606,260,476,1475,203,266,0,0
2022/3/26,0,1825,768,327,140,0,1765,0,218,0,0
2022/3/27,0,1630,698,140,60,0,1427,0,189,0,0
2022/3/28,94000,602,722,348,149,590,1365,416,396,0,0
2022/3/29,41000,918,783,429,184,394,1073,164,182,0,0
2022/3/30,46000,1325,859,400,171,412,1595,151,180,0,0
2022/3/31,55000,1792,993,503,216,524,1913,177,242,0,0
2022/4/1,53000,1638,800,543,233,556,1662,162,227,0,0
2022/4/2,0,1558,840,344,147,0,1258,0,146,0,0
2022/4/3,0,1408,697,139,60,0,1157,0,118,0,0
2022/4/4,87000,530,647,341,146,621,1166,425,332,0,0
2022/4/5,56000,659,700,435,187,507,1270,153,119,0,0
2022/4/6,64000,1391,834,354,152,351,1260,152,145,0,0
2022/4/7,68000,2054,846,557,239,488,1525,174,262,0,0
2022/4/8,65000,1790,798,495,212,409,1807,174,212,0,0
2022/4/9,0,1852,768,351,151,0,1442,0,239,0,0
2022/4/10,0,1633,624,135,58,0,1145,0,156,0,0
2022/4/11,90000,725,759,357,153,639,1628,509,358,0,0
2022/4/12,45000,1055,704,452,194,378,1414,181,171,0,0
2022/4/13,52000,1422,736,424,182,471,1471,156,161,0,0
2022/4/14,46000,1799,847,510,218,672,1452,198,239,0,0
2022/4/15,53000,1428,808,590,253,573,1939,145,282,0,0
2022/4/16,0,1620,806,341,146,0,1560,0,155,0,0
2022/4/17,0,1178,706,137,59,0,1563,0,131,0,0
2022/4/18,89000,408,654,345,148,453,1545,362,302,0,0
2022/4/19,39000,854,677,375,161,470,1217,168,177,0,0
2022/4/20,52000,1620,865,409,175,453,1425,139,180,0,0
2022/4/21,52000,1742,904,517,222,528,1341,169,244,0,0
2022/4/22,48000,1528,927,666,285,476,1510,177,255,0,0
2022/4/23,0,1547,805,284,122,0,1596,0,191,0,0
2022/4/24,0,1360,781,148,63,0,1155,0,184,0,0
2022/4/25,78000,592,758,389,167,624,1305,396,384,0,0
2022/4/26,42000,897,703,458,196,372,1089,176,147,0,0
2022/4/27,43000,1435,866,452,194,357,1563,163,143,0,0
2022/4/28,55000,1745,1003,548,235,609,1460,173,232,0,0
2022/4/29,0,1897,860,293,125,0,1573,0,256,0,0
2022/4/30,0,1480,527,229,98,0,1211,0,146,0,0
2022/5/1,0,921,529,116,50,0,1152,0,142,0,0
2022/5/2,66000,572,620,209,90,529,1285,444,295,0,0
2022/5/3,0,684,492,228,98,0,870,0,145,0,0
2022/5/4,0,361,535,195,83,0,1291,0,184,0,0
2022/5/5,0,304,487,245,105,0,1120,0,199,0,0
2022/5/6,119000,1140,703,584,250,402,2341,422,183,0,0
2022/5/7,0,1466,542,407,174,0,1214,0,221,0,0
2022/5/8,0,982,634,146,62,0,970,0,161,0,0
2022/5/9,95000,1057,660,362,155,533,1601,531,272,0,0
2022/5/10,58000,887,681,493,211,328,1585,177,154,0,0
2022/5/11,41000,964,802,380,163,389,1707,166,187,0,0
2022/5/12,40000,1528,857,524,224,671,1037,190,233,0,0
2022/5/13,46000,1321,832,610,261,503,1650,191,223,0,0
2022/5/14,0,1428,803,347,149,0,1183,0,159,0,0
2022/5/15,0,1263,617,176,75,0,1466,0,120,0,0
2022/5/16,79000,603,773,396,170,437,1886,382,239,0,0
2022/5/17,60000,891,672,410,176,388,1062,150,172,0,0
2022/5/18,62000,1420,811,398,170,493,1185,133,166,0,0
2022/5/19,74000,1987,899,510,219,450,1384,138,228,0,0
2022/5/20,66000,1743,986,673,288,373,1764,143,275,0,0
2022/5/21,0,1490,873,314,135,0,1826,0,202,0,0
2022/5/22,0,1422,709,135,58,0,1258,0,157,0,0
2022/5/23,90000,463,709,396,170,473,1074,413,295,0,0
2022/5/24,40000,1040,686,403,173,375,1016,145,164,0,0
2022/5/25,42000,1602,811,445,191,318,1714,161,166,0,0
2022/5/26,46000,1749,847,586,251,673,1461,192,224,0,0
2022/5/27,50000,1269,960,544,233,658,1699,151,311,0,0
2022/5/28,0,1633,707,389,167,0,1426,0,151,0,0
2022/5/29,0,1250,546,113,48,0,1568,0,137,0,0
2022/5/30,81000,398,672,346,148,576,1239,440,368,0,0
2022/5/31,32000,699,769,356,152,532,1000,151,129,0,0
2022/6/1,38000,1524,653,442,190,372,1196,160,183,0,0
2022/6/2,45000,1639,845,588,252,539,2034,147,253,0,0
2022/6/3,45000,1824,959,536,230,416,2155,147,264,0,0
2022/6/4,0,1697,853,348,149,0,1270,0,172,0,0
2022/6/5,0,1405,773,144,62,0,1180,0,149,0,0
2022/6/6,85000,425,878,384,164,636,1657,437,332,0,0
2022/6/7,40000,859,746,484,207,372,1354,147,175,0,0
2022/6/8,41000,1254,915,441,189,428,1323,148,149,0,0
2022/6/9,46000,1662,933,543,233,708,1083,202,231,0,0
2022/6/10,48000,1705,1023,543,233,523,1396,177,310,0,0
2022/6/11,0,1590,1022,311,133,0,1521,0,157,0,0
2022/6/12,0,1036,783,134,58,0,1487,0,93,0,0
2022/6/13,86000,702,757,314,135,414,1775,403,266,0,0
2022/6/14,39000,891,704,346,148,480,1073,141,194,0,0
2022/6/15,35000,1255,844,433,186,368,1005,136,147,0,0
2022/6/16,45000,1541,784,658,282,604,1095,180,205,0,0
2022/6/17,44000,1622,799,482,207,432,2146,175,292,0,0
2022/6/18,0,1744,829,364,156,0,1854,0,216,0,0
2022/6/19,0,1209,584,141,61,0,1499,0,128,0,0
2022/6/20,90000,530,615,352,151,501,1219,358,315,0,0
2022/6/21,32000,1050,717,454,195,389,1097,140,154,0,0
2022/6/22,33000,1766,719,415,178,324,1282,164,188,0,0
2022/6/23,39000,1852,827,505,216,657,1692,146,273,0,0
2022/6/24,45000,1458,810,691,296,493,1617,179,246,0,0
2022/6/25,0,1524,743,363,155,0,1348,0,200,0,0
2022/6/26,0,1326,579,132,57,0,1589,0,115,0,0
2022/6/27,88000,604,630,356,153,479,1218,369,302,0,0
2022/6/28,32000,971,715,386,166,380,1128,157,125,0,0
2022/6/29,40000,1462,622,484,208,332,1080,143,177,0,0
2022/6/30,44000,1639,809,528,226,507,1937,179,188,0,0
2022/7/1,39000,1580,875,574,246,381,2227,133,246,0,0
2022/7/2,0,1284,710,326,140,0,2056,0,219,0,0
2022/7/3,0,1140,554,151,65,0,1897,0,183,0,0
2022/7/4,78000,369,705,337,145,517,1964,530,404,0,0
2022/7/5,35000,857,593,419,179,383,1671,155,171,0,0
2022/7/6,39000,1388,765,365,157,437,1783,155,146,0,0
2022/7/7,42000,1669,817,503,216,618,1854,235,233,0,0
2022/7/8,46000,1800,897,592,254,458,1805,150,320,0,0
2022/7/9,0,1577,741,337,144,0,1748,0,147,0,0
2022/7/10,0,1469,637,134,58,0,1684,0,104,0,0
2022/7/11,85000,674,821,356,153,456,1472,372,258,0,0
2022/7/12,33000,1025,730,453,194,436,1654,149,196,0,0
2022/7/13,40000,1540,724,352,151,508,1594,166,161,0,0
2022/7/14,42000,1870,1004,529,227,435,1537,200,252,0,0
2022/7/15,45000,1405,964,511,219,386,1816,164,265,0,0
2022/7/16,0,1724,879,378,162,0,1491,0,149,0,0
2022/7/17,0,1324,673,132,56,0,1393,0,180,0,0
2022/7/18,0,664,750,202,87,0,1241,0,295,0,0
2022/7/19,120000,961,677,501,215,662,1189,625,154,0,0
2022/7/20,29000,1452,771,372,159,393,1579,151,180,0,0
2022/7/21,46000,1540,951,538,231,534,1484,202,245,0,0
2022/7/22,55000,1654,983,666,285,603,1716,128,259,0,0
2022/7/23,0,1490,828,284,122,0,1479,0,183,0,0
2022/7/24,0,1674,656,148,63,0,1228,0,114,0,0
2022/7/25,87000,465,717,389,167,597,1531,433,301,0,0
2022/7/26,40000,881,654,458,196,417,1435,119,162,0,0
2022/7/27,46000,1369,732,452,194,357,1422,126,141,0,0
2022/7/28,42000,1894,935,548,235,423,1964,156,183,0,0
2022/7/29,51000,1749,973,641,275,512,2067,132,245,0,0
2022/7/30,0,1699,866,344,148,0,1595,0,241,0,0
2022/7/31,0,1454,644,116,50,0,1875,0,139,0,0
2022/8/1,92000,524,624,319,137,520,1723,359,286,0,0
2022/8/2,35000,1020,687,491,211,427,1662,155,167,0,0
2022/8/3,39000,1524,693,473,203,451,1439,144,197,0,0
2022/8/4,44000,1746,886,666,285,584,1177,174,248,0,0
2022/8/5,49000,1624,897,596,256,516,1768,147,254,0,0
2022/8/6,0,1520,695,407,174,0,1274,0,123,0,0
2022/8/7,0,1106,650,146,62,0,1427,0,135,0,0
2022/8/8,79000,492,794,362,155,562,1606,403,256,0,0
2022/8/9,36000,875,563,493,211,464,1007,124,153,0,0
2022/8/10,42000,1414,726,380,163,502,1001,142,172,0,0
2022/8/11,0,1782,611,524,224,0,1360,0,211,0,0
2022/8/12,85000,1456,870,610,261,339,1566,327,253,0,0
2022/8/13,0,1055,646,347,149,0,1505,0,215,0,0
2022/8/14,0,652,598,176,75,0,1461,0,165,0,0
2022/8/15,45000,466,538,256,110,291,1149,372,410,0,0
2022/8/16,25000,680,592,340,146,416,1236,155,141,0,0
2022/8/17,34000,725,688,328,140,388,1532,156,152,0,0
2022/8/18,50000,1845,827,510,219,540,1779,188,201,0,0
2022/8/19,52000,1694,890,673,288,670,1489,152,307,0,0
2022/8/20,0,1497,852,314,135,0,1412,0,189,0,0
2022/8/21,0,1596,678,135,58,0,869,0,109,0,0
2022/8/22,86000,761,672,396,170,576,1325,441,276,0,0
2022/8/23,34000,980,811,403,173,540,908,157,141,0,0
2022/8/24,41000,1158,730,445,191,413,1359,159,146,0,0
2022/8/25,45000,1657,896,586,251,428,1887,210,179,0,0
2022/8/26,48000,1530,764,544,233,488,2320,139,214,0,0
2022/8/27,0,1746,765,389,167,0,1328,0,229,0,0
2022/8/28,0,1254,560,113,48,0,1078,0,142,0,0
2022/8/29,85000,635,619,346,148,589,1350,364,331,0,0
2022/8/30,39000,1058,778,356,152,426,1423,131,147,0,0
2022/8/31,36000,1450,774,442,190,354,1378,188,156,0,0
2022/9/1,42000,1799,818,588,252,711,1215,176,259,0,0
2022/9/2,48000,1654,800,536,230,641,1349,193,250,0,0
2022/9/3,0,1555,807,348,149,0,1430,0,151,0,0
2022/9/4,0,1304,607,144,62,0,1469,0,131,0,0
2022/9/5,91000,540,827,384,164,562,1705,457,251,0,0
2022/9/6,42000,862,815,484,207,431,1268,159,173,0,0
2022/9/7,39000,1451,955,441,189,485,1029,164,136,0,0
2022/9/8,45000,1885,1047,543,233,497,1390,195,206,0,0
2022/9/9,44000,1743,1089,543,233,412,2049,184,221,0,0
2022/9/10,0,1492,867,311,133,0,1528,0,153,0,0
2022/9/11,0,1170,856,134,58,0,1464,0,168,0,0
2022/9/12,85000,492,818,314,135,555,1340,438,283,0,0
2022/9/13,45000,992,924,346,148,471,1061,149,156,0,0
2022/9/14,45000,1365,921,433,186,321,1197,145,161,0,0
2022/9/15,49000,1920,816,658,282,660,1321,141,199,0,0
2022/9/16,48000,1495,851,482,207,604,1935,182,334,0,0
2022/9/17,0,2019,810,364,156,0,1233,0,160,0,0
2022/9/18,0,1462,657,141,61,0,1255,0,109,0,0
2022/9/19,0,586,602,264,113,0,1454,0,357,0,0
2022/9/20,110000,329,706,454,195,705,1574,607,154,0,0
2022/9/21,30000,854,644,415,178,405,1179,131,161,0,0
2022/9/22,56000,1825,787,505,216,486,1721,173,253,0,0
2022/9/23,0,1840,970,691,296,0,2085,0,255,0,0
2022/9/24,0,1639,871,363,155,0,1256,0,174,0,0
2022/9/25,0,621,574,132,57,0,1163,0,168,0,0
2022/9/26,145000,418,579,356,153,556,1503,578,392,0,0
2022/9/27,25000,1125,715,386,166,313,1342,170,203,0,0
2022/9/28,49000,1520,823,484,208,323,1482,173,151,0,0
2022/9/29,49000,1748,766,528,226,650,1188,214,261,0,0
2022/9/30,51000,1630,918,574,246,593,1702,149,234,0,0
2022/10/1,0,1540,980,326,140,0,1303,0,130,0,0
2022/10/2,0,1219,748,151,65,0,1471,0,101,0,0
2022/10/3,91000,398,978,337,145,425,1435,434,249,0,0
2022/10/4,51000,1025,765,419,179,520,1263,121,157,0,0
2022/10/5,48000,1328,974,365,157,505,1203,151,122,0,0
2022/10/6,46000,1729,1220,503,216,486,1601,163,202,0,0
2022/10/7,50000,1598,1167,592,254,408,1674,152,276,0,0
2022/10/8,0,1425,971,337,144,0,1394,0,189,0,0
2022/10/9,0,1249,842,134,58,0,1489,0,141,0,0
2022/10/10,0,528,830,172,74,0,1057,0,345,0,0
2022/10/11,126000,452,824,453,194,774,1240,561,156,0,0
2022/10/12,32000,854,1014,352,151,463,1727,181,148,0,0
2022/10/13,45000,1569,950,529,227,557,1684,179,211,0,0
2022/10/14,44000,1625,1157,511,219,629,1827,140,329,0,0
2022/10/15,0,1528,990,378,162,0,1128,0,181,0,0
2022/10/16,0,968,820,132,56,0,1230,0,118,0,0
2022/10/17,87000,529,866,388,166,608,1566,437,333,0,0
2022/10/18,38000,964,992,456,196,539,1590,160,131,0,0
2022/10/19,42000,1289,911,452,194,428,1115,127,180,0,0
2022/10/20,55000,1985,1001,538,231,460,1416,164,198,0,0
2022/10/21,54000,1746,1036,692,297,456,2334,148,228,0,0
2022/10/22,0,2058,1082,293,125,0,1330,0,199,0,0
2022/10/23,0,1369,729,125,54,0,1682,0,148,0,0
2022/10/24,88000,857,908,340,146,592,1454,506,363,0,0
2022/10/25,38000,1045,837,398,171,363,1236,155,207,0,0
2022/10/26,45000,1456,1000,505,216,452,1636,142,172,0,0
2022/10/27,49000,1650,929,603,258,644,1474,219,224,0,0
2022/10/28,52000,1499,1206,701,301,635,1636,154,248,0,0
2022/10/29,0,1658,1106,361,155,0,1448,0,140,0,0
2022/10/30,0,1364,824,109,47,0,1275,0,133,0,0
2022/10/31,85000,487,811,363,155,472,1553,334,225,0,0
2022/11/1,46000,1240,900,425,182,395,1256,171,156,0,0
2022/11/2,42000,1658,1017,509,218,475,1070,185,179,0,0
2022/11/3,0,1925,950,369,158,0,1211,0,175,0,0
2022/11/4,105000,1745,1155,868,372,586,1701,323,269,0,0
2022/11/5,0,1655,1047,408,175,0,1684,0,156,0,0
2022/11/6,0,1210,810,147,63,0,1251,0,163,0,0
2022/11/7,91000,521,787,323,139,617,1139,459,330,0,0
2022/11/8,46000,992,938,428,184,502,1288,156,142,0,0
2022/11/9,50000,1209,793,368,158,435,1316,202,160,0,0
2022/11/10,51000,1582,916,508,218,529,1295,144,248,0,0
2022/11/11,55000,1469,1127,590,253,495,1439,156,331,0,0
2022/11/12,0,1635,1070,363,156,0,1214,0,162,0,0
2022/11/13,0,1148,736,169,73,0,1160,0,129,0,0
2022/11/14,84000,625,951,375,161,496,1284,469,270,0,0
2022/11/15,39000,1540,961,425,182,480,1202,161,122,0,0
2022/11/16,44000,1421,1047,376,161,419,1327,165,159,0,0
2022/11/17,48000,1500,927,463,198,449,1890,184,218,0,0
2022/11/18,62000,1564,1201,655,281,433,2024,132,181,0,0
2022/11/19,0,1885,955,309,133,0,1225,0,230,0,0
2022/11/20,0,1525,842,114,49,0,1200,0,141,0,0
2022/11/21,93000,496,856,329,141,649,1592,393,366,0,0
2022/11/22,50000,1140,1032,394,169,394,1229,168,194,0,0
2022/11/23,0,1436,1053,435,186,0,1804,0,136,0,0
2022/11/24,104000,1896,1020,540,232,681,1268,328,264,0,0
2022/11/25,32000,1154,1182,596,256,606,1692,157,251,0,0
2022/11/26,0,1548,1008,360,154,0,1212,0,147,0,0
2022/11/27,0,1351,739,106,46,0,1352,0,132,0,0
2022/11/28,87000,608,726,330,141,505,1580,320,291,0,0
2022/11/29,41000,819,943,371,159,535,1147,147,206,0,0
2022/11/30,60000,1420,871,441,189,496,1026,156,145,0,0
2022/12/1,52000,1705,1011,615,264,428,2954,161,226,0,0
2022/12/2,50000,1458,1223,517,222,398,2684,149,288,0,0
2022/12/3,0,1548,1214,395,169,0,2584,0,155,0,0
2022/12/4,0,1407,919,155,66,0,2415,0,183,0,0
2022/12/5,89000,428,1148,348,149,534,1986,324,397,0,0
2022/12/6,46000,1204,940,498,214,387,1587,165,156,0,0
2022/12/7,44000,1580,1244,468,201,403,1616,183,141,0,0
2022/12/8,51000,1691,1253,608,261,542,1611,177,211,0,0
2022/12/9,52000,1469,1603,527,226,555,1809,164,233,0,0
2022/12/10,0,1860,1303,328,141,0,1898,0,180,0,0
2022/12/11,0,1221,1115,151,65,0,1758,0,107,0,0
2022/12/12,90000,528,1315,334,143,485,1560,404,376,0,0
2022/12/13,46000,1250,1594,347,149,457,1584,162,124,0,0
2022/12/14,43000,1236,1420,362,155,337,1497,168,168,0,0
2022/12/15,48000,1589,1220,677,290,540,1638,187,241,0,0
2022/12/16,55000,1605,1208,494,212,380,2145,190,188,0,0
2022/12/17,0,1528,1027,386,165,0,1323,0,182,0,0
2022/12/18,0,1154,1088,159,68,0,1564,0,142,0,0
2022/12/19,82000,590,1177,316,135,527,1620,435,312,0,0
2022/12/20,58000,1204,1142,393,168,307,1547,134,164,0,0
2022/12/21,50000,1575,1154,491,210,400,1330,189,181,0,0
2022/12/22,53000,1584,1210,512,219,691,1588,177,237,0,0
2022/12/23,49000,1693,1502,684,293,525,1760,166,299,0,0
2022/12/24,0,1854,1522,307,131,0,1541,0,141,0,0
2022/12/25,0,1258,1179,118,50,0,1545,0,106,0,0
2022/12/26,84000,780,888,356,152,495,1421,422,144,200000,0
2022/12/27,45000,964,1052,222,95,277,1360,134,158,200000,0
2022/12/28,36000,974,1001,181,77,231,1288,127,120,100000,0
2022/12/29,33000,1154,1176,160,69,184,1420,128,134,100000,0
2022/12/30,24000,658,1246,131,56,139,1230,110,99,80000,0
2022/12/31,0,355,970,72,31,0,925,0,74,100000,0
2023/1/1,28000,105,495,51,22,52,653,85,51,50000,680000
2023/1/2,0,87,350,61,26,0,457,0,33,0,0
2023/1/3,20000,154,602,91,39,38,946,138,45,50000,150000
2023/1/4,16000,355,537,231,99,132,1434,207,57,30000,50000
2023/1/5,29000,885,747,535,229,117,1336,145,65,20000,30000
2023/1/6,36000,1128,881,374,160,85,1132,167,75,20000,20000
2023/1/7,0,985,884,133,57,0,1800,0,71,0,0
2023/1/8,0,469,914,360,154,0,1549,0,104,0,0
2023/1/9,0,422,841,223,96,0,1114,0,144,0,0
2023/1/10,75000,318,894,420,180,245,1337,480,125,5000,20000
2023/1/11,36000,1150,910,540,232,489,1324,119,124,3000,5000
2023/1/12,44000,1540,1027,620,266,472,1391,162,109,2000,3000
2023/1/13,45000,1520,1216,639,274,381,1726,179,123,0,2000
2023/1/14,0,1680,1235,335,144,0,2431,0,176,0,0
2023/1/15,0,1325,735,127,55,0,1485,0,94,0,0
2023/1/16,85000,465,889,352,151,425,1555,294,397,0,0
2023/1/17,40000,997,823,426,183,424,1927,123,139,0,0
2023/1/18,43000,1451,885,398,170,302,1196,184,158,0,0
2023/1/19,52000,1796,971,540,231,448,1137,192,178,0,0
2023/1/20,55000,1854,1246,569,244,619,1280,198,215,0,0
2023/1/21,0,1624,1100,345,148,0,1783,0,290,0,0
2023/1/22,0,1401,800,136,58,0,1294,0,220,0,0
2023/1/23,86000,524,732,362,155,467,1462,351,456,0,0
2023/1/24,36000,1025,897,442,190,393,2104,118,122,0,0
2023/1/25,42000,1425,938,533,228,351,1124,163,143,0,0
2023/1/26,48000,1854,1264,621,266,754,1016,168,290,0,0
2023/1/27,48000,1754,1171,634,272,524,1407,153,263,0,0
2023/1/28,0,1954,1035,372,159,0,2781,0,139,0,0
2023/1/29,0,1360,724,150,64,0,1692,0,138,0,0
2023/1/30,90000,588,734,338,145,532,1748,416,204,0,0
2023/1/31,43000,1140,830,491,211,473,1190,145,187,0,0
2023/2/1,42000,1884,971,413,177,379,1663,234,128,0,0
2023/2/2,49000,1692,1248,588,252,508,1362,214,223,0,0
2023/2/3,50000,1585,1263,585,251,314,1881,151,250,0,0
2023/2/4,0,1632,955,420,180,0,1568,0,234,0,0
2023/2/5,0,1204,858,173,74,0,1294,0,165,0,0
2023/2/6,87000,541,956,345,148,566,1478,385,364,0,0
2023/2/7,54000,1240,1043,402,172,416,1520,122,175,0,0
2023/2/8,51000,1496,945,392,168,317,1136,150,152,0,0
2023/2/9,48000,1854,899,499,214,517,1210,207,270,0,0
2023/2/10,51000,1469,1258,678,290,575,1515,146,280,0,0
2023/2/11,0,1470,1093,301,129,0,1739,0,173,0,0
2023/2/12,0,1365,861,156,67,0,1495,0,101,0,0
2023/2/13,92000,490,767,386,166,437,1427,439,241,0,0
2023/2/14,46000,1140,808,426,183,410,1141,236,150,0,0
2023/2/15,45000,1527,1016,421,180,299,1624,148,188,0,0
2023/2/16,52000,1924,1041,616,264,485,1778,230,218,0,0
2023/2/17,53000,1488,1216,572,245,582,1548,149,229,0,0
2023/2/18,0,1620,1012,328,141,0,1526,0,210,0,0
2023/2/19,0,1207,817,127,55,0,1271,0,188,0,0
2023/2/20,89000,528,805,347,149,582,1379,403,414,0,0
2023/2/21,39000,1098,882,360,154,384,1706,148,183,0,0
2023/2/22,41000,1490,935,447,191,301,1422,152,155,0,0
2023/2/23,0,1625,977,559,240,0,1244,0,228,0,0
2023/2/24,115000,785,1136,620,266,692,1534,251,388,0,0
2023/2/25,0,1589,811,349,150,0,1834,0,133,0,0
2023/2/26,0,1254,837,152,65,0,1842,0,137,0,0
2023/2/27,96000,399,749,377,162,424,1248,531,182,0,0
2023/2/28,51000,890,955,482,206,414,1719,110,178,0,0
2023/3/1,48000,1520,871,392,168,538,1344,152,115,0,0
2023/3/2,50000,1742,1055,608,261,566,1902,158,199,0,0
2023/3/3,55000,1638,1131,520,223,465,2043,177,175,0,0
2023/3/4,0,1433,857,313,134,0,1295,0,212,0,0
2023/3/5,0,958,1158,124,53,0,1365,0,193,0,0
2023/3/6,85000,508,817,298,128,721,1223,348,289,0,0
2023/3/7,49000,1058,975,360,154,406,1427,144,203,0,0
2023/3/8,55000,1420,1020,430,184,446,1248,95,198,0,0
2023/3/9,52000,1922,957,644,276,611,1131,170,290,0,0
2023/3/10,52000,1736,968,463,199,675,1585,192,269,0,0
2023/3/11,0,2025,1321,359,154,0,2315,0,147,0,0
2023/3/12,0,1854,1018,164,70,0,1126,0,118,0,0
2023/3/13,88000,687,812,309,132,453,1205,363,282,0,0
2023/3/14,35000,1142,841,418,179,509,1489,149,135,0,0
2023/3/15,42000,928,840,428,183,354,1687,174,144,0,0
2023/3/16,54000,1630,788,582,249,496,1419,131,235,0,0
2023/3/17,55000,1425,855,614,263,635,1231,132,264,0,0
2023/3/18,0,1874,947,316,136,0,1951,0,177,0,0
2023/3/19,0,1469,788,125,53,0,1730,0,145,0,0
2023/3/20,96000,634,637,368,158,515,1691,368,387,0,0
2023/3/21,0,1327,692,391,168,0,1572,0,188,0,0
2023/3/22,123000,804,749,487,209,659,1353,395,105,0,0
2023/3/23,35000,1204,781,533,229,690,1457,210,221,0,0
2023/3/24,62000,1480,869,551,236,461,1383,213,245,0,0
2023/3/25,0,1555,938,328,141,0,1308,0,136,0,0
2023/3/26,0,1290,824,144,62,0,1599,0,90,0,0
2023/3/27,84000,625,687,335,143,475,1492,447,244,0,0
2023/3/28,42000,1125,748,413,177,669,1092,190,202,0,0
2023/3/29,56000,1520,903,398,171,541,1354,180,131,0,0
2023/3/30,58000,2066,857,542,232,568,1330,186,245,0,0
2023/3/31,60000,1581,1040,592,254,533,1538,191,265,0,0
2023/4/1,0,1365,997,321,138,0,1455,0,229,0,0
2023/4/2,0,892,905,145,62,0,1283,0,169,0,0
2023/4/3,90000,428,739,313,134,644,1355,386,425,0,0
2023/4/4,45000,954,777,411,176,453,1527,171,148,0,0
2023/4/5,43000,1520,765,331,142,448,1074,170,179,0,0
2023/4/6,44000,1865,837,580,248,480,1181,172,225,0,0
2023/4/7,47000,1639,927,529,227,555,1678,197,203,0,0
2023/4/8,0,1459,888,381,163,0,1790,0,171,0,0
2023/4/9,0,1029,807,126,54,0,1302,0,114,0,0
2023/4/10,88000,630,750,358,154,697,1224,556,293,0,0
2023/4/11,38000,994,740,475,204,524,1725,203,120,0,0
2023/4/12,44000,1451,857,447,192,327,1530,186,171,0,0
2023/4/13,43000,2250,814,494,212,446,1584,178,261,0,0
2023/4/14,46000,1852,859,552,237,414,1519,116,199,0,0
2023/4/15,0,1920,962,330,142,0,1911,0,277,0,0
2023/4/16,0,1425,847,139,60,0,1852,0,150,0,0
2023/4/17,99000,458,719,319,137,709,1716,408,427,0,0
2023/4/18,65000,1145,816,342,146,442,1449,145,184,0,0
2023/4/19,63000,1522,858,404,173,561,1156,160,170,0,0
2023/4/20,78000,1691,921,473,203,769,1207,170,237,0,0
2023/4/21,63000,1479,974,722,310,631,1424,147,327,0,0
2023/4/22,0,1887,1104,300,128,0,1788,0,140,0,0
2023/4/23,0,1263,963,156,67,0,1331,0,151,0,0
2023/4/24,84000,509,798,408,175,396,1364,468,302,0,0
2023/4/25,42000,1006,855,420,180,520,1102,163,151,0,0
2023/4/26,44000,1329,863,483,207,508,1144,182,173,0,0
2023/4/27,45000,1754,957,552,236,564,1609,173,201,0,0
2023/4/28,49000,1509,1025,265,113,410,1295,128,204,0,0
2023/4/29,0,1635,857,245,105,0,1410,0,194,0,0
2023/4/30,0,1407,604,111,47,0,1424,0,164,0,0
2023/5/1,89000,445,522,219,94,666,1288,373,449,0,0
2023/5/2,32000,890,585,290,124,308,1387,140,117,0,0
2023/5/3,0,1245,451,206,88,0,857,0,149,0,0
2023/5/4,0,724,521,267,114,0,1321,0,190,0,0
2023/5/5,0,499,650,215,92,0,1266,0,246,0,0
2023/5/6,0,578,754,226,97,0,1169,0,141,0,0
2023/5/7,0,451,630,168,72,0,1176,0,156,0,0
2023/5/8,145000,336,652,362,155,777,1047,612,270,0,0
2023/5/9,32000,1204,699,528,226,264,1514,146,160,0,0
2023/5/10,38000,1624,743,375,161,399,1892,141,175,0,0
2023/5/11,40000,1588,802,571,245,421,1930,197,169,0,0
2023/5/12,43000,1290,846,642,275,475,1159,182,154,0,0
2023/5/13,0,1335,885,352,151,0,1496,0,178,0,0
2023/5/14,0,826,798,175,75,0,1570,0,162,0,0
2023/5/15,79000,385,732,357,153,597,1428,394,320,0,0
2023/5/16,36000,925,790,377,162,376,2101,151,156,0,0
2023/5/17,36000,1289,802,407,174,343,1369,155,219,0,0
2023/5/18,40000,1754,875,525,225,641,1196,147,213,0,0
2023/5/19,42000,1639,927,731,313,435,1269,132,246,0,0
2023/5/20,0,1524,1007,305,131,0,1605,0,173,0,0
2023/5/21,0,1302,925,143,61,0,1744,0,110,0,0
2023/5/22,80000,458,708,386,166,354,1268,466,225,0,0
2023/5/23,31000,824,771,370,159,312,1203,120,150,0,0
2023/5/24,38000,1450,792,478,205,492,1129,164,169,0,0
2023/5/25,39000,1624,843,531,228,471,1802,182,201,0,0
2023/5/26,45000,1557,896,547,234,389,1713,136,298,0,0
2023/5/27,0,1820,958,410,176,0,1596,0,236,0,0
2023/5/28,0,1055,812,119,51,0,1591,0,128,0,0
2023/5/29,90000,521,682,370,158,452,1663,511,350,0,0
2023/5/30,37000,1026,746,353,151,317,1404,175,171,0,0
2023/5/31,40000,1639,759,486,208,327,1072,184,159,0,0
2023/6/1,42000,1482,804,567,243,564,1372,122,194,0,0
2023/6/2,45000,1692,878,574,246,534,2105,171,321,0,0
2023/6/3,0,1458,996,334,143,0,2540,0,130,0,0
2023/6/4,0,1047,975,148,64,0,1330,0,120,0,0
2023/6/5,86000,508,832,351,150,466,1222,412,359,0,0
2023/6/6,41000,961,902,448,192,457,1842,171,133,0,0
2023/6/7,52000,1635,895,408,175,425,1579,136,191,0,0
2023/6/8,62000,1854,911,573,246,556,1072,233,275,0,0
2023/6/9,52000,1466,967,589,252,387,1090,192,304,0,0
2023/6/10,0,1854,1240,339,145,0,1365,0,175,0,0
2023/6/11,0,1149,1034,123,53,0,1417,0,159,0,0
2023/6/12,88000,369,817,297,127,678,1543,367,356,0,0
2023/6/13,51000,881,822,359,154,313,1983,126,173,0,0
2023/6/14,46000,1420,815,417,179,385,1215,135,178,0,0
2023/6/15,55000,1760,876,666,285,584,969,182,184,0,0
2023/6/16,54000,1488,858,458,196,546,1302,172,262,0,0
2023/6/17,0,1964,927,341,146,0,2386,0,134,0,0
2023/6/18,0,1401,812,129,55,0,1953,0,94,0,0
2023/6/19,95000,550,675,362,155,333,1564,337,264,0,0
2023/6/20,46000,1034,737,454,194,534,1433,114,228,0,0
2023/6/21,42000,1458,744,375,161,368,1260,185,145,0,0
2023/6/22,55000,1690,781,511,219,610,1472,157,179,0,0
2023/6/23,52000,1745,820,671,287,421,1757,148,308,0,0
2023/6/24,0,1285,903,381,163,0,1838,0,173,0,0
2023/6/25,0,1405,749,130,56,0,1355,0,124,0,0
2023/6/26,85000,614,674,357,153,459,1718,382,325,0,0
2023/6/27,39000,1025,658,402,172,350,1357,183,126,0,0
2023/6/28,45000,1680,699,513,220,343,1252,114,171,0,0
2023/6/29,52000,1654,768,516,221,766,1568,185,264,0,0
2023/6/30,60000,1870,849,594,255,532,1784,150,211,0,0
2023/7/1,0,1540,882,332,142,0,2182,0,201,0,0
2023/7/2,0,1125,740,136,58,0,2398,0,122,0,0
2023/7/3,84000,492,682,337,145,403,1877,456,299,0,0
2023/7/4,37000,915,674,450,193,320,1921,155,103,0,0
2023/7/5,46000,1365,689,396,170,284,1714,151,156,0,0
2023/7/6,53000,1722,887,480,206,573,1444,236,185,0,0
2023/7/7,52000,1489,817,541,232,427,2052,177,211,0,0
2023/7/8,0,1569,958,349,150,0,1950,0,183,0,0
2023/7/9,0,1362,924,135,58,0,1962,0,206,0,0
2023/7/10,90000,528,694,356,153,427,1402,351,369,0,0
2023/7/11,38000,1140,854,438,188,354,1596,168,146,0,0
2023/7/12,39000,1456,765,370,159,520,1578,139,151,0,0
2023/7/13,45000,1850,844,505,217,658,1443,179,191,0,0
2023/7/14,55000,1466,1028,509,218,538,1785,159,310,0,0
2023/7/15,0,1652,1142,377,162,0,1458,0,150,0,0
2023/7/16,0,1240,947,122,52,0,1515,0,95,0,0
2023/7/17,0,542,638,252,108,0,1635,0,282,0,0
2023/7/18,125000,558,780,441,189,725,1419,652,201,0,0
2023/7/19,29000,1145,781,417,179,472,1043,159,189,0,0
2023/7/20,56000,1690,828,536,230,374,1622,209,300,0,0
2023/7/21,42000,1549,973,643,275,424,1437,139,266,0,0
2023/7/22,0,1580,1130,308,132,0,1781,0,159,0,0
2023/7/23,0,991,905,158,68,0,1551,0,207,0,0
2023/7/24,89000,418,669,372,160,433,1262,395,265,0,0
2023/7/25,36000,1204,758,490,210,622,1430,121,176,0,0
2023/7/26,39000,1625,820,480,206,371,1719,131,180,0,0
2023/7/27,42000,1452,892,524,224,625,1654,136,213,0,0
2023/7/28,44000,1522,968,622,266,539,2187,114,254,0,0
2023/7/29,0,1602,1025,375,161,0,2374,0,185,0,0
2023/7/30,0,1159,971,118,50,0,1354,0,91,0,0
2023/7/31,79000,495,654,319,137,569,1915,343,297,0,0
2023/8/1,33000,899,714,455,195,396,2061,149,134,0,0
2023/8/2,45000,1246,699,501,215,363,1944,169,123,0,0
2023/8/3,50000,1742,787,644,276,378,1332,149,205,0,0
2023/8/4,49000,1639,891,627,269,516,1202,129,225,0,0
2023/8/5,0,1455,968,415,178,0,1422,0,276,0,0
2023/8/6,0,1025,749,141,61,0,1188,0,139,0,0
2023/8/7,88000,450,637,340,146,460,1403,368,281,0,0
2023/8/8,45000,1025,850,475,204,458,1447,129,196,0,0
2023/8/9,45000,1402,704,405,173,391,1474,123,227,0,0
2023/8/10,53000,1782,788,531,228,705,1205,153,275,0,0
2023/8/11,0,1690,648,590,253,0,1446,0,231,0,0
2023/8/12,0,1066,891,341,146,0,1313,0,105,0,0
2023/8/13,0,704,691,173,74,0,1486,0,151,0,0
2023/8/14,75000,522,582,277,119,362,1458,427,279,0,0
2023/8/15,26000,895,667,311,133,248,1078,135,155,0,0
2023/8/16,29000,995,634,350,150,252,1187,169,166,0,0
2023/8/17,35000,1204,778,502,215,330,1262,221,233,0,0
2023/8/18,40000,1324,814,648,278,279,1728,132,258,0,0
2023/8/19,0,1568,1004,298,128,0,1510,0,172,0,0
2023/8/20,0,1652,940,138,59,0,1650,0,195,0,0
2023/8/21,95000,678,685,407,175,307,1658,422,409,0,0
2023/8/22,49000,1254,712,434,186,440,1481,138,128,0,0
2023/8/23,54000,1504,804,424,182,419,1028,148,134,0,0
2023/8/24,55000,2102,823,580,249,497,1509,174,228,0,0
2023/8/25,60000,1925,921,525,225,781,2263,123,256,0,0
2023/8/26,0,1804,908,373,160,0,2463,0,160,0,0
2023/8/27,0,1258,874,112,48,0,1307,0,127,0,0
2023/8/28,89000,569,599,372,160,578,1326,321,292,0,0
2023/8/29,42000,1002,694,372,160,479,1500,144,122,0,0
2023/8/30,51000,1452,771,417,179,425,1265,213,169,0,0
2023/8/31,49000,1825,792,533,228,476,1121,199,147,0,0
2023/9/1,46000,1496,847,527,226,575,1048,165,241,0,0
2023/9/2,0,1369,980,332,142,0,1209,0,242,0,0
2023/9/3,0,1325,927,154,66,0,1255,0,134,0,0
2023/9/4,88000,428,627,347,149,563,1517,411,314,0,0
2023/9/5,37000,792,892,486,208,421,1601,158,167,0,0
2023/9/6,39000,1508,978,482,207,290,1294,134,148,0,0
2023/9/7,43000,1762,1009,526,226,768,1112,159,250,0,0
2023/9/8,49000,1554,1152,592,254,703,1404,181,275,0,0
2023/9/9,0,1458,1205,309,133,0,2331,0,143,0,0
2023/9/10,0,1165,1027,135,58,0,1474,0,146,0,0
2023/9/11,84000,508,867,328,140,661,1484,400,228,0,0
2023/9/12,46000,1225,880,347,149,435,1493,166,139,0,0
2023/9/13,45000,1497,942,391,168,518,953,171,147,0,0
2023/9/14,52000,1632,998,701,301,461,1152,127,227,0,0
2023/9/15,53000,1690,958,488,209,392,1501,212,211,0,0
2023/9/16,0,1748,961,363,155,0,1565,0,164,0,0
2023/9/17,0,1305,875,142,61,0,1354,0,149,0,0
2023/9/18,0,520,658,319,137,0,1293,0,271,0,0
2023/9/19,143000,568,699,494,212,671,1434,488,181,0,0
2023/9/20,29000,1125,772,454,195,346,1323,113,186,0,0
2023/9/21,38000,1450,781,521,223,785,1226,203,234,0,0
2023/9/22,42000,1690,866,686,294,637,1708,174,306,0,0
2023/9/23,0,1788,1025,372,160,0,1959,0,172,0,0
2023/9/24,0,1055,947,140,60,0,1356,0,130,0,0
2023/9/25,89000,458,694,363,155,427,1520,460,295,0,0
2023/9/26,40000,1148,704,414,178,688,1347,165,136,0,0
2023/9/27,44000,1520,768,515,221,475,1458,183,171,0,0
2023/9/28,61000,1697,835,506,217,536,1386,210,252,0,0
2023/9/29,58000,1522,855,518,222,414,1057,169,282,0,0
2023/9/30,0,1452,987,356,153,0,1819,0,173,0,0
2023/10/1,0,1240,968,152,65,0,1122,0,143,0,0
2023/10/2,92000,604,784,362,155,536,1321,508,450,0,0
2023/10/3,37000,928,880,442,189,271,1211,129,201,0,0
2023/10/4,41000,1159,857,382,164,359,1018,165,166,0,0
2023/10/5,46000,1529,994,513,220,673,1142,148,302,0,0
2023/10/6,52000,1722,1147,638,274,655,1452,147,196,0,0
2023/10/7,0,1632,1152,335,143,0,1711,0,114,0,0
2023/10/8,0,918,1004,127,55,0,1126,0,103,0,0
2023/10/9,0,492,776,160,68,0,1580,0,229,0,0
2023/10/10,139000,665,821,454,195,629,1201,666,159,0,0
2023/10/11,46000,1458,825,318,136,590,1144,154,131,0,0
2023/10/12,56000,1628,957,580,248,529,1991,180,185,0,0
2023/10/13,58000,1492,997,494,212,334,1589,112,316,0,0
2023/10/14,0,1881,1131,369,158,0,2149,0,225,0,0
2023/10/15,0,1451,989,133,57,0,1212,0,151,0,0
2023/10/16,90000,492,789,378,162,572,1117,504,309,0,0
2023/10/17,38000,1104,880,415,178,654,1341,177,175,0,0
2023/10/18,43000,1329,923,461,197,402,1458,135,173,0,0
2023/10/19,45000,1699,965,559,239,520,1305,135,178,0,0
2023/10/20,48000,1563,1041,641,275,513,1557,136,333,0,0
2023/10/21,0,1680,1127,281,120,0,2673,0,179,0,0
2023/10/22,0,1328,983,127,54,0,1418,0,109,0,0
2023/10/23,87000,580,798,351,150,577,1741,548,299,0,0
2023/10/24,41000,1105,836,360,154,493,1625,125,128,0,0
2023/10/25,46000,1569,882,552,237,461,1273,122,205,0,0
2023/10/26,62000,1881,907,597,256,375,1410,201,231,0,0
2023/10/27,60000,1559,1006,703,301,376,1300,126,265,0,0
2023/10/28,0,1961,1204,372,160,0,1786,0,183,0,0
2023/10/29,0,1237,1022,108,46,0,1715,0,154,0,0
2023/10/30,88000,557,843,369,158,591,1406,343,410,0,0
2023/10/31,55000,1125,787,385,165,368,1822,149,201,0,0
2023/11/1,53000,1425,869,486,208,510,1426,160,150,0,0
2023/11/2,49000,1825,977,403,173,627,1154,207,264,0,0
2023/11/3,0,1662,1002,925,397,0,1161,0,286,0,0
2023/11/4,0,1088,1117,441,189,0,1382,0,131,0,0
2023/11/5,0,698,951,133,57,0,1498,0,123,0,0
2023/11/6,136000,558,725,333,143,507,1379,529,245,0,0
2023/11/7,39000,982,799,448,192,323,1010,184,164,0,0
2023/11/8,41000,1362,875,342,146,521,1430,217,200,0,0
2023/11/9,50000,1820,893,507,217,425,1159,125,141,0,0
2023/11/10,48000,1749,924,545,233,499,1437,161,282,0,0
2023/11/11,0,1635,1174,339,145,0,1230,0,148,0,0
2023/11/12,0,1149,1007,167,72,0,988,0,183,0,0
2023/11/13,86000,527,814,398,171,531,1005,543,345,0,0
2023/11/14,44000,1036,872,382,164,566,1459,152,149,0,0
2023/11/15,45000,1332,919,386,165,482,1404,181,139,0,0
2023/11/16,51000,1698,952,491,211,576,1189,182,272,0,0
2023/11/17,50000,1489,936,644,276,457,1659,106,279,0,0
2023/11/18,0,1458,1142,298,128,0,1901,0,178,0,0
2023/11/19,0,1235,985,102,44,0,1025,0,111,0,0
2023/11/20,92000,469,785,305,131,590,1150,439,297,0,0
2023/11/21,37000,1048,882,409,175,509,1395,180,131,0,0
2023/11/22,49000,1658,974,451,193,419,1466,150,183,0,0
2023/11/23,0,2254,1010,566,242,0,1675,0,246,0,0
2023/11/24,108000,1240,1067,587,251,567,1095,322,217,0,0
2023/11/25,0,1562,1156,356,152,0,1653,0,196,0,0
2023/11/26,0,1254,948,97,41,0,1247,0,122,0,0
2023/11/27,95000,458,699,311,133,652,1517,326,336,0,0
2023/11/28,44000,958,785,337,144,328,1531,173,164,0,0
2023/11/29,49000,1456,872,454,194,457,1452,165,146,0,0
2023/11/30,55000,1890,952,615,264,621,1621,142,297,0,0
2023/12/1,54000,1472,947,549,235,538,3153,124,261,0,0
2023/12/2,0,1692,1250,364,156,0,2257,0,121,0,0
2023/12/3,0,1365,1125,162,69,0,2836,0,106,0,0
2023/12/4,89000,607,893,369,158,427,2746,318,239,0,0
2023/12/5,39000,1140,1054,492,211,475,1857,179,228,0,0
2023/12/6,46000,1541,988,426,182,502,1714,172,137,0,0
2023/12/7,58000,1680,1190,624,267,459,1339,143,203,0,0
2023/12/8,63000,1746,1225,545,234,376,1367,189,275,0,0
2023/12/9,0,1882,1541,304,130,0,1963,0,137,0,0
2023/12/10,0,1462,1303,158,68,0,1831,0,187,0,0
2023/12/11,88000,509,1047,307,131,431,1558,452,360,0,0
2023/12/12,42000,1036,1325,326,140,321,1259,160,168,0,0
2023/12/13,51000,1630,1520,329,141,435,1642,134,147,0,0
2023/12/14,59000,1784,1426,692,296,515,1253,195,209,0,0
2023/12/15,50000,1745,1308,474,203,630,1811,206,205,0,0
2023/12/16,0,1862,1279,412,176,0,2254,0,171,0,0
2023/12/17,0,1699,1033,161,69,0,1181,0,109,0,0
2023/12/18,87000,492,1065,334,143,482,1449,433,441,0,0
2023/12/19,42000,969,1140,391,167,387,1362,144,104,0,0
2023/12/20,53000,1128,1098,449,193,331,1259,226,186,0,0
2023/12/21,56000,1693,1144,540,231,576,1379,198,232,0,0
2023/12/22,62000,1540,1307,659,283,409,1282,157,197,0,0
2023/12/23,0,1652,1557,312,134,0,1674,0,209,0,0
2023/12/24,0,995,1483,114,49,0,1692,0,168,0,0
2023/12/25,78000,468,1251,376,161,554,1503,372,273,100000,0
2023/12/26,38000,1054,941,232,100,542,1321,149,143,100000,0
2023/12/27,43000,1365,1028,172,74,465,1178,128,199,100000,0
2023/12/28,56000,1785,969,153,65,568,1103,122,141,100000,0
2023/12/29,48000,1857,1200,130,56,478,1294,115,105,50000,0
2023/12/30,0,841,1154,71,31,0,1173,75,89,50000,0
2023/12/31,0,408,987,58,25,0,1102,85,77,50000,0
2024/1/1,35000,145,472,62,26,32,1063,67,46,100000,542700
2024/1/2,0,54,419,95,41,0,1170,0,48,0,0
2024/1/3,20000,136,547,225,97,69,1266,179,53,40000,100000
2024/1/4,22000,205,544,487,209,114,1319,167,69,30000,40000
2024/1/5,31000,365,653,384,164,381,2140,136,109,15000,30000
2024/1/6,0,402,812,169,73,0,1575,0,79,0,0
2024/1/7,0,169,973,314,135,0,1417,0,78,0,0
2024/1/8,0,265,858,242,104,0,1516,0,133,0,0
2024/1/9,45000,685,741,383,164,424,1389,571,140,5000,15000
2024/1/10,36000,1250,853,538,231,302,1117,145,145,5000,5000
2024/1/11,38000,1328,922,586,251,448,1637,176,166,5000,5000
2024/1/12,34000,1258,947,595,255,619,2321,207,145,0,5000
2024/1/13,0,1654,1302,342,147,0,1310,0,132,0,0
2024/1/14,0,1420,1158,140,60,0,977,0,114,0,0
2024/1/15,79000,439,782,357,153,467,1683,287,258,0,0
2024/1/16,39000,981,850,405,174,393,1347,129,178,0,0
2024/1/17,42000,1365,891,426,182,351,1196,187,124,0,0
2024/1/18,45000,1874,985,470,201,754,1483,174,109,0,0
2024/1/19,56000,1552,927,562,241,524,2374,143,123,0,0
2024/1/20,0,1742,1158,360,154,0,1485,0,176,0,0
2024/1/21,0,1250,1100,123,53,0,1022,0,94,0,0
2024/1/22,83000,603,805,385,165,532,1957,449,397,0,0
2024/1/23,36000,1140,796,460,197,473,1107,161,139,0,0
2024/1/24,39000,1430,843,493,211,379,1324,177,158,0,0
2024/1/25,38000,1745,977,658,282,508,1974,195,178,0,0
2024/1/26,45000,1520,1220,590,253,314,2560,228,215,0,0
2024/1/27,0,1569,1145,391,168,0,2075,0,290,0,0
2024/1/28,0,1068,976,125,53,0,1747,0,220,0,0
2024/1/29,86000,469,751,334,143,566,1169,315,456,0,0
2024/1/30,40000,1250,833,456,196,416,1168,136,122,0,0
2024/1/31,56000,1368,824,414,177,317,924,233,143,0,0
2024/2/1,60000,1558,1004,585,251,517,1498,190,290,0,0
2024/2/2,52000,1466,1160,635,272,575,1684,201,263,0,0
2024/2/3,0,1580,1277,385,165,0,1264,0,139,0,0
2024/2/4,0,1266,1025,179,77,0,660,0,138,0,0
2024/2/5,82000,500,855,397,170,437,1121,340,204,0,0
2024/2/6,37000,938,901,479,205,410,1018,110,187,0,0
2024/2/7,41000,1462,957,350,150,299,1056,122,128,0,0
2024/2/8,39000,1693,966,491,210,485,1644,141,223,0,0
2024/2/9,50000,1527,857,629,270,447,1733,152,250,0,0
2024/2/10,0,1890,1354,312,134,0,1428,0,234,0,0
2024/2/11,0,1149,1103,151,65,0,1489,0,165,0,0
2024/2/12,0,429,824,292,125,0,1172,0,364,0,0
2024/2/13,114000,530,709,400,171,628,1102,588,175,0,0
2024/2/14,43000,1360,839,404,173,301,1630,172,152,0,0
2024/2/15,49000,1825,925,576,247,578,1043,216,270,0,0
2024/2/16,42000,1690,1104,501,215,692,1136,121,280,0,0
2024/2/17,0,1399,1244,405,173,0,1108,0,173,0,0
2024/2/18,0,1154,950,120,51,0,1331,0,101,0,0
2024/2/19,90000,530,781,368,158,424,1347,463,241,0,0
2024/2/20,32000,1128,896,355,152,414,1208,174,150,0,0
2024/2/21,43000,1541,874,459,197,538,1443,145,188,0,0
2024/2/22,46000,1825,853,614,263,566,1122,207,218,0,0
2024/2/23,0,1740,962,610,262,0,1789,0,229,0,0
2024/2/24,0,1260,1117,361,155,0,1789,0,210,0,0
2024/2/25,0,625,895,167,71,0,1667,0,188,0,0
2024/2/26,128000,428,774,363,156,721,1351,455,414,0,0
2024/2/27,29000,886,762,508,218,406,1185,127,183,0,0
2024/2/28,43000,1325,881,436,187,446,1857,160,155,0,0
2024/2/29,47000,1933,963,606,260,611,1926,147,228,0,0
2024/3/1,54000,1482,1028,641,275,675,1139,176,388,0,0
2024/3/2,0,1692,1152,335,143,0,789,0,133,0,0
2024/3/3,0,1352,967,154,66,0,1182,0,137,0,0
2024/3/4,91000,613,976,309,132,453,929,440,182,0,0
2024/3/5,42000,1201,1009,421,181,509,1305,147,178,0,0
2024/3/6,50000,1402,1124,421,181,354,1002,101,115,0,0
2024/3/7,55000,1699,1380,524,225,496,1443,166,199,0,0
2024/3/8,53000,1460,1406,476,204,635,1978,142,175,0,0
2024/3/9,0,1529,1542,307,132,0,1244,0,212,0,0
2024/3/10,0,1169,1352,173,74,0,1153,0,193,0,0
2024/3/11,89000,481,967,327,140,515,1582,398,289,0,0
2024/3/12,44000,972,1140,480,206,484,1369,127,203,0,0
2024/3/13,48000,1366,1320,437,187,519,1313,138,198,0,0
2024/3/14,53000,1829,1125,551,236,690,1168,160,290,0,0
2024/3/15,58000,1684,1365,695,298,461,2307,113,269,0,0
2024/3/16,0,1846,1204,323,138,0,1479,0,147,0,0
2024/3/17,0,1302,981,139,59,0,1459,0,118,0,0
2024/3/18,87000,455,850,331,142,368,1416,422,282,0,0
2024/3/19,38000,1002,954,346,148,669,1334,134,135,0,0
2024/3/20,0,1478,886,433,185,0,1670,0,144,0,0
2024/3/21,101000,881,1035,628,269,568,1414,205,235,0,0
2024/3/22,60000,1731,960,644,276,533,1501,169,264,0,0
2024/3/23,0,1462,1155,281,120,0,2058,0,177,0,0
2024/3/24,0,994,1142,127,54,0,1632,0,145,0,0
2024/3/25,88000,554,937,357,153,644,1514,483,387,0,0
2024/3/26,56000,1165,843,461,198,453,1113,186,188,0,0
2024/3/27,63000,1458,729,361,155,448,1302,150,105,0,0
2024/3/28,60000,1854,947,465,199,480,2153,154,221,0,0
2024/3/29,64000,1692,1008,465,199,555,1409,172,245,0,0
2024/3/30,0,1874,1138,323,139,0,1483,0,136,0,0
2024/3/31,0,1254,1021,134,57,0,1360,0,90,0,0
2024/4/1,96000,469,779,354,152,697,1150,459,244,0,0
2024/4/2,66000,1190,825,433,185,524,1427,158,202,0,0
2024/4/3,63000,1366,746,336,144,327,1404,169,131,0,0
2024/4/4,72000,1485,962,594,254,446,1358,199,245,0,0
2024/4/5,70000,1587,841,541,232,414,1932,175,265,0,0
2024/4/6,0,1725,997,302,129,0,1625,0,229,0,0
2024/4/7,0,1205,946,142,61,0,1063,0,169,0,0
2024/4/8,91000,550,901,359,154,709,1312,494,425,0,0
2024/4/9,73000,1104,883,513,220,442,1134,174,148,0,0
2024/4/10,75000,1463,854,376,161,561,1510,146,179,0,0
2024/4/11,65000,1458,987,565,242,769,1344,216,225,0,0
2024/4/12,64000,1625,1058,557,239,631,1580,167,203,0,0
2024/4/13,0,1820,1333,304,130,0,1534,0,171,0,0
2024/4/14,0,1321,956,137,59,0,1618,0,114,0,0
2024/4/15,89000,469,775,372,160,396,1689,409,293,0,0
2024/4/16,42000,975,912,361,155,520,976,193,120,0,0
2024/4/17,44000,1456,878,382,164,508,1361,165,171,0,0
2024/4/18,45000,1521,1120,485,208,564,1549,189,261,0,0
2024/4/19,53000,1369,1304,725,311,410,1582,211,199,0,0
2024/4/20,0,1962,1534,287,123,0,1538,0,277,0,0
2024/4/21,0,1268,1106,158,68,0,1176,0,150,0,0
2024/4/22,91000,605,883,333,143,666,1235,383,427,0,0
2024/4/23,39000,1102,1007,447,191,308,973,206,184,0,0
2024/4/24,41000,1491,975,487,209,345,1867,174,170,0,0
2024/4/25,43000,1533,1055,609,261,493,1279,172,237,0,0
2024/4/26,52000,1639,927,335,143,671,1324,133,327,0,0
2024/4/27,0,1884,1140,225,96,0,1344,0,140,0,0
2024/4/28,0,1137,843,100,43,0,1059,0,151,0,0
2024/4/29,0,860,796,238,102,0,1324,0,302,0,0
2024/4/30,107000,528,809,204,87,588,892,483,151,0,0
2024/5/1,35000,874,946,197,84,304,1335,130,173,0,0
2024/5/2,38000,1156,1142,235,101,458,1085,124,201,0,0
2024/5/3,0,854,1024,281,121,0,2760,0,204,0,0
2024/5/4,0,611,931,249,107,0,1016,0,194,0,0
2024/5/5,0,320,874,153,65,0,992,0,164,0,0
2024/5/6,0,354,599,339,145,0,1411,0,449,0,0
2024/5/7,98000,685,638,553,237,376,1429,527,117,0,0
2024/5/8,27000,749,876,422,181,642,1878,147,149,0,0
2024/5/9,36000,1456,941,452,194,641,1077,205,190,0,0
2024/5/10,45000,1339,1050,602,258,435,1328,172,246,0,0
2024/5/11,0,1890,1194,379,163,0,1208,0,141,0,0
2024/5/12,0,1350,978,190,82,0,1370,0,156,0,0
2024/5/13,89000,448,906,432,185,354,1709,422,270,0,0
2024/5/14,45000,881,944,396,170,312,1221,160,160,0,0
2024/5/15,51000,1365,1020,417,179,492,1399,124,175,0,0
2024/5/16,50000,1869,1137,581,249,471,1198,126,169,0,0
2024/5/17,48000,1705,1156,676,290,389,1589,163,154,0,0
2024/5/18,0,1620,1240,327,140,0,1943,0,178,0,0
2024/5/19,0,1205,1022,140,60,0,1240,0,162,0,0
2024/5/20,90000,558,882,408,175,452,954,458,320,0,0
2024/5/21,38000,1077,947,383,164,317,949,157,156,0,0
2024/5/22,45000,1574,1007,389,167,327,2014,158,219,0,0
2024/5/23,44000,1924,1026,620,266,564,1529,168,213,0,0
2024/5/24,52000,1880,1322,556,238,534,1395,138,246,0,0
2024/5/25,0,2021,1204,379,162,0,1471,0,173,0,0
2024/5/26,0,1451,987,104,45,0,1438,0,110,0,0
2024/5/27,88000,611,887,298,128,466,1174,383,225,0,0
2024/5/28,50000,1157,842,347,149,457,1051,173,150,0,0
2024/5/29,60000,1352,933,410,176,425,1239,153,169,0,0
2024/5/30,66000,1687,1036,674,289,556,2259,166,201,0,0
2024/5/31,64000,1341,890,593,254,387,2106,144,298,0,0
2024/6/1,0,1588,1142,341,146,0,1399,0,236,0,0
2024/6/2,0,1142,985,163,70,0,1285,0,128,0,0
2024/6/3,87000,431,743,376,161,678,1496,488,350,0,0
2024/6/4,38000,1095,705,446,191,313,1410,124,171,0,0
2024/6/5,41000,1239,1285,379,163,385,1191,145,159,0,0
2024/6/6,52000,1762,1420,522,224,584,965,229,194,0,0
2024/6/7,51000,1528,1657,515,221,546,1456,169,321,0,0
2024/6/8,0,1686,1884,356,153,0,1513,0,130,0,0
2024/6/9,0,1299,1630,120,51,0,1598,0,120,0,0
2024/6/10,88000,521,1290,357,153,333,1899,442,359,0,0
2024/6/11,44000,1143,1332,383,164,534,959,128,133,0,0
2024/6/12,41000,1420,1407,462,198,368,1091,124,191,0,0
2024/6/13,53000,1780,1469,632,271,610,1059,189,275,0,0
2024/6/14,58000,1639,1109,468,201,421,2178,141,304,0,0
2024/6/15,0,1874,1255,345,148,0,1652,0,175,0,0
2024/6/16,0,1113,1134,123,53,0,1612,0,159,0,0
2024/6/17,88000,621,951,402,172,459,1009,298,356,0,0
2024/6/18,39000,1250,948,489,210,350,1119,161,173,0,0
2024/6/19,44000,1557,982,455,195,343,1069,139,178,0,0
2024/6/20,61000,1893,1123,527,226,766,1745,131,184,0,0
2024/6/21,58000,1740,1235,711,305,532,1868,154,262,0,0
2024/6/22,0,1620,1392,397,170,0,1165,0,134,0,0
2024/6/23,0,1455,1141,116,50,0,1708,0,94,0,0
2024/6/24,78000,481,926,323,138,403,1195,400,264,0,0
2024/6/25,36000,958,893,329,141,320,939,185,228,0,0
2024/6/26,44000,1425,1169,456,195,284,1068,136,145,0,0
2024/6/27,45000,1895,1105,518,222,573,1582,149,179,0,0
2024/6/28,47000,1627,994,627,269,427,2091,106,308,0,0
2024/6/29,0,1597,1227,277,119,0,2004,0,173,0,0
2024/6/30,0,1304,948,162,70,0,1569,0,124,0,0
2024/7/1,85000,591,774,322,138,427,2523,454,325,0,0
2024/7/2,42000,1072,845,366,157,354,2327,171,126,0,0
2024/7/3,46000,1577,836,418,179,520,1973,178,171,0,0
2024/7/4,53000,1769,946,438,188,658,1593,203,264,0,0
2024/7/5,51000,1568,1245,680,291,538,1472,173,211,0,0
2024/7/6,0,1699,1183,340,146,0,1899,0,201,0,0
2024/7/7,0,1250,932,151,65,0,1924,0,122,0,0
2024/7/8,90000,395,805,362,155,532,1230,355,299,0,0
2024/7/9,40000,914,785,511,219,361,1720,123,103,0,0
2024/7/10,51000,1365,1014,391,168,472,1476,193,156,0,0
2024/7/11,49000,1694,859,456,195,374,1498,210,185,0,0
2024/7/12,55000,1740,1005,479,205,424,1702,173,211,0,0
2024/7/13,0,1446,1147,420,180,0,1605,0,183,0,0
2024/7/14,0,1085,958,169,72,0,1228,0,206,0,0
2024/7/15,0,539,692,293,125,0,1465,0,369,0,0
2024/7/16,147000,774,790,523,224,622,1211,590,146,0,0
2024/7/17,32000,1520,899,398,171,371,1335,177,151,0,0
2024/7/18,62000,1921,971,505,216,625,1594,186,191,0,0
2024/7/19,65000,1488,969,687,294,539,1848,128,310,0,0
2024/7/20,0,1757,1420,300,129,0,1379,0,150,0,0
2024/7/21,0,1128,1256,167,72,0,1243,0,95,0,0
2024/7/22,87000,565,725,379,163,569,1492,380,282,0,0
2024/7/23,45000,1204,841,463,199,396,1383,119,201,0,0
2024/7/24,52000,1429,978,385,165,363,1313,148,189,0,0
2024/7/25,51000,1584,1325,515,221,378,1935,181,300,0,0
2024/7/26,61000,1422,1122,603,258,516,2270,122,266,0,0
2024/7/27,0,1558,1142,323,139,0,1354,0,159,0,0
2024/7/28,0,1100,1035,105,45,0,1607,0,207,0,0
2024/7/29,86000,514,813,298,128,460,1405,361,265,0,0
2024/7/30,50000,748,902,529,227,458,1944,151,176,0,0
2024/7/31,46000,1322,887,508,218,391,1316,151,180,0,0
2024/8/1,55000,1692,946,678,290,503,1217,154,213,0,0
2024/8/2,49000,1705,1052,644,276,557,1517,172,254,0,0
2024/8/3,0,1429,1175,349,149,0,1027,0,185,0,0
2024/8/4,0,891,1130,153,65,0,1682,0,91,0,0
2024/8/5,84000,425,809,350,150,511,1596,349,297,0,0
2024/8/6,38000,994,843,531,227,501,1055,131,134,0,0
2024/8/7,40000,1287,895,375,161,591,1252,163,123,0,0
2024/8/8,45000,1630,982,590,253,607,1262,134,205,0,0
2024/8/9,41000,1899,1006,631,271,535,1540,155,225,0,0
2024/8/10,0,2148,1104,351,150,0,1319,0,276,0,0
2024/8/11,0,1674,952,193,83,0,1398,0,139,0,0
2024/8/12,0,895,725,291,125,0,979,0,281,0,0
2024/8/13,80000,385,694,343,147,440,1444,455,196,0,0
2024/8/14,27000,678,743,299,128,419,1239,178,227,0,0
2024/8/15,33000,558,621,375,161,224,1136,221,275,0,0
2024/8/16,29000,469,745,363,156,351,1363,160,231,0,0
2024/8/17,0,655,1025,337,145,0,1547,0,105,0,0
2024/8/18,0,421,816,162,70,0,1247,0,151,0,0
2024/8/19,76000,551,758,452,194,578,1277,493,279,0,0
2024/8/20,48000,1009,802,424,182,479,1224,150,155,0,0
2024/8/21,51000,1456,986,417,179,425,1354,132,166,0,0
2024/8/22,55000,1792,919,627,269,476,1684,209,233,0,0
2024/8/23,49000,1692,1208,546,234,575,2766,156,258,0,0
2024/8/24,0,1844,1241,337,144,0,1141,0,172,0,0
2024/8/25,0,1422,1184,145,62,0,1423,0,195,0,0
2024/8/26,89000,639,874,326,140,563,1368,344,409,0,0
2024/8/27,47000,1137,869,403,173,421,1469,109,128,0,0
2024/8/28,42000,1320,943,426,183,290,1324,194,134,0,0
2024/8/29,44000,1789,1074,561,241,768,1156,166,228,0,0
2024/8/30,52000,1452,1248,549,235,703,1227,226,256,0,0
2024/8/31,0,1554,1352,360,154,0,1338,0,160,0,0
2024/9/1,0,1214,1209,146,62,0,1182,0,127,0,0
2024/9/2,85000,687,854,326,140,661,1870,547,292,0,0
2024/9/3,43000,887,728,517,222,435,1047,157,122,0,0
2024/9/4,52000,1255,698,500,214,518,1020,135,169,0,0
2024/9/5,49000,1841,1568,463,198,461,1412,198,147,0,0
2024/9/6,60000,1508,1664,527,226,392,1982,162,241,0,0
2024/9/7,0,1790,1529,312,134,0,1760,0,242,0,0
2024/9/8,0,1304,1368,117,50,0,1731,0,134,0,0
2024/9/9,84000,533,1451,302,129,543,1478,410,314,0,0
2024/9/10,41000,962,1325,396,170,407,1095,150,167,0,0
2024/9/11,52000,1275,1470,488,209,346,1195,151,148,0,0
2024/9/12,49000,1687,1532,692,296,785,1547,135,250,0,0
2024/9/13,48000,1591,1058,489,209,637,1869,175,275,0,0
2024/9/14,0,1588,1325,365,157,0,1106,0,143,0,0
2024/9/15,0,1149,1212,144,62,0,1015,0,146,0,0
2024/9/16,0,623,901,310,133,0,1473,0,228,0,0
2024/9/17,137000,507,925,469,201,688,1761,516,139,0,0
2024/9/18,35000,881,1056,435,187,475,1428,151,147,0,0
2024/9/19,46000,1914,1205,565,242,536,1650,157,227,0,0
2024/9/20,44000,1520,1176,743,318,414,2486,147,211,0,0
2024/9/21,0,1991,1229,312,134,0,1476,0,164,0,0
2024/9/22,0,1380,1052,147,63,0,1072,0,149,0,0
2024/9/23,0,581,876,323,138,0,1373,0,271,0,0
2024/9/24,125000,415,997,479,205,624,1098,564,181,0,0
2024/9/25,32000,1058,965,532,228,359,1189,161,186,0,0
2024/9/26,52000,1751,1158,589,252,673,1271,210,234,0,0
2024/9/27,55000,1632,1211,532,228,655,1489,172,306,0,0
2024/9/28,0,1492,1306,349,150,0,1379,0,172,0,0
2024/9/29,0,1197,1120,144,62,0,1263,0,130,0,0
2024/9/30,86000,623,974,302,130,352,1507,457,295,0,0
2024/10/1,43000,1121,1526,473,203,452,1080,102,136,0,0
2024/10/2,51000,1562,1504,371,159,590,1330,158,171,0,0
2024/10/3,54000,1693,1279,502,215,529,1860,189,252,0,0
2024/10/4,56000,1704,1362,627,269,334,1897,182,282,0,0
2024/10/5,0,1682,1442,365,156,0,1424,0,173,0,0
2024/10/6,0,1213,1242,148,64,0,1277,0,143,0,0
2024/10/7,92000,584,1046,340,146,488,1563,407,450,0,0
2024/10/8,37000,1250,1200,406,174,654,1095,152,201,0,0
2024/10/9,41000,1521,1147,319,137,402,1652,217,166,0,0
2024/10/10,45000,1674,1235,484,208,520,1568,191,302,0,0
2024/10/11,52000,1426,1524,536,230,513,1853,151,196,0,0
2024/10/12,0,1840,1534,415,178,0,1101,0,114,0,0
2024/10/13,0,1139,1208,154,66,0,1361,0,103,0,0
2024/10/14,0,583,1014,247,106,0,1626,0,229,0,0
2024/10/15,132000,522,991,459,197,659,1865,308,159,0,0
2024/10/16,29000,1451,1152,472,202,461,1032,138,131,0,0
2024/10/17,47000,1630,1385,580,249,375,1696,191,185,0,0
2024/10/18,43000,1522,1322,620,266,376,2591,141,316,0,0
2024/10/19,0,1884,1406,291,125,0,1271,0,225,0,0
2024/10/20,0,1411,1204,165,71,0,1785,0,151,0,0
2024/10/21,88000,492,1005,383,164,591,1482,453,309,0,0
2024/10/22,39000,1096,1146,433,186,368,1328,176,175,0,0
2024/10/23,45000,1469,1291,545,234,510,1862,157,173,0,0
2024/10/24,45000,1653,1475,567,243,627,1420,205,178,0,0
2024/10/25,50000,1624,1292,780,334,588,1766,142,333,0,0
2024/10/26,0,1784,1492,358,154,0,1186,0,179,0,0
2024/10/27,0,1250,1360,169,72,0,1364,0,109,0,0
2024/10/28,86000,565,1204,384,164,507,1547,356,299,0,0
2024/10/29,41000,1066,1322,447,191,323,1302,182,128,0,0
2024/10/30,46000,1414,1854,433,186,521,1041,167,205,0,0
2024/10/31,45000,1825,1307,356,152,502,1145,142,231,0,0
2024/11/1,49000,1638,1363,746,320,499,1480,215,265,0,0
2024/11/2,0,1982,1407,411,176,0,1481,0,183,0,0
2024/11/3,0,1520,1152,144,62,0,1111,0,154,0,0
2024/11/4,0,637,969,366,157,0,1258,0,410,0,0
2024/11/5,142000,624,957,486,208,712,1076,611,201,0,0
2024/11/6,28000,1225,1149,331,142,482,1099,135,150,0,0
2024/11/7,43000,1632,1113,515,221,576,1210,126,264,0,0
2024/11/8,43000,1524,1411,665,285,457,1450,128,286,0,0
2024/11/9,0,1687,1520,311,133,0,1428,0,131,0,0
2024/11/10,0,1340,1362,194,83,0,1079,0,123,0,0
2024/11/11,87000,493,1029,412,177,590,1498,528,245,0,0
2024/11/12,44000,1325,1140,405,174,509,1348,145,164,0,0
2024/11/13,45000,1428,1308,320,137,419,1485,137,200,0,0
2024/11/14,47000,1892,1324,404,173,382,1595,171,141,0,0
2024/11/15,46000,1465,1196,619,265,355,1689,155,282,0,0
2024/11/16,0,1745,1251,340,146,0,1430,0,148,0,0
2024/11/17,0,1133,1054,120,52,0,1176,0,183,0,0
2024/11/18,90000,468,796,328,141,652,1601,460,345,0,0
2024/11/19,43000,1048,1123,428,183,328,1276,179,149,0,0
2024/11/20,43000,1440,1405,458,196,423,1596,141,139,0,0
2024/11/21,45000,1746,1327,503,216,621,1399,284,272,0,0
2024/11/22,51000,1506,1522,554,237,538,1376,172,279,0,0
2024/11/23,0,1669,2314,358,154,0,1231,0,178,0,0
2024/11/24,0,1258,2063,114,49,0,1583,0,111,0,0
2024/11/25,84000,504,1878,287,123,427,1722,323,297,0,0
2024/11/26,43000,985,1968,334,143,475,1202,123,131,0,0
2024/11/27,50000,1352,2207,416,178,502,1020,159,183,0,0
2024/11/28,51000,1596,2159,619,265,459,2014,183,246,0,0
2024/11/29,49000,1528,2055,559,239,376,1555,138,217,0,0
2024/11/30,0,1824,1736,444,190,0,1741,0,196,0,0
2024/12/1,0,1452,1255,176,75,0,2212,0,122,0,0
2024/12/2,86000,635,1074,391,168,431,2014,366,336,0,0
2024/12/3,43000,958,953,495,212,321,1873,189,164,0,0
2024/12/4,42000,1420,1254,437,187,435,1794,175,146,0,0
2024/12/5,48000,1666,1266,625,268,515,1740,166,297,0,0
2024/12/6,45000,1507,1320,578,248,630,1634,178,261,0,0
2024/12/7,0,1721,1602,349,150,0,1805,0,121,0,0
2024/12/8,0,1315,1146,147,63,0,1914,0,106,0,0
2024/12/9,81000,589,876,363,155,482,1852,438,239,0,0
2024/12/10,44000,1082,1130,386,166,387,2118,179,228,0,0
2024/12/11,45000,1328,1515,389,167,331,1954,181,137,0,0
2024/12/12,47000,1752,1027,638,274,576,1734,184,203,0,0
2024/12/13,45000,1539,1408,426,183,409,1692,156,275,0,0
2024/12/14,0,1621,1522,393,168,0,1667,0,137,0,0
2024/12/15,0,1227,1320,148,64,0,1895,0,187,0,0
2024/12/16,85000,527,994,288,124,554,1633,521,360,0,0
2024/12/17,40000,1145,1254,442,190,246,1528,146,168,0,0
2024/12/18,37000,1527,1179,562,241,465,1426,219,147,0,0
2024/12/19,45000,1859,1345,441,189,568,1538,209,209,0,0
2024/12/20,50000,1635,1420,740,317,478,1701,169,205,0,0
2024/12/21,0,1546,1591,321,137,0,1596,0,171,0,0
2024/12/22,0,1360,1657,118,50,0,1885,0,109,0,0
2024/12/23,75000,614,1772,316,135,541,1855,359,441,0,0
2024/12/24,43000,955,1863,241,103,271,1967,110,104,0,0
2024/12/25,43000,1469,1857,204,88,201,1834,151,186,0,0
2024/12/26,47000,1533,1224,180,77,216,1521,113,232,150000,0
2024/12/27,46000,1456,1326,144,62,140,1410,106,197,150000,0
2024/12/28,0,1547,1460,119,51,0,1292,0,209,0,0
2024/12/29,0,1130,1255,146,63,0,1326,0,117,0,0
2024/12/30,75000,511,895,138,59,59,1142,117,122,80000,0
2024/12/31,40000,364,689,130,56,39,743,97,88,0,0
2025/1/1,20000,209,470,68,29,0,524,75,39,60000,379000
2025/1/2,0,185,395,60,26,0,465,0,46,0,0
2025/1/3,33000,68,412,58,25,71,336,52,47,50000,60000
2025/1/4,0,75,633,74,19,0,447,0,31,0,0
2025/1/5,0,51,459,55,24,0,395,0,52,0,0
2025/1/6,28000,714,622,358,128,332,689,56,87,30000,50000
2025/1/7,35000,523,746,216,98,96,955,28,110,10000,30000
2025/1/8,40000,816,1148,254,117,152,1327,68,136,5000,10000
2025/1/9,45000,1120,1325,415,227,314,1504,113,178,5000,5000
2025/1/10,50000,1283,1096,469,219,298,1423,127,205,3000,5000
2025/1/11,0,1139,1433,389,121,0,1291,0,174,0,0
2025/1/12,0,954,1208,233,96,0,1645,0,101,0,0
2025/1/13,70000,542,794,407,152,345,1362,394,158,2000,3000
2025/1/14,41000,877,944,361,143,217,1511,153,164,2000,2000
2025/1/15,45000,749,1365,507,264,411,1743,140,132,0,2000
,,,,,,,,,,,
,,,,,,,,,,,
,,,,,,,,,,,
,,,,,,,,,,,
,,,,,,,,,,,
,,,,,,,,,,,
,,,,,,,,,,,
,,,,,,,,,,,